clean_products,clean_current_price,clean_old_price,clean_discount_percentage,clean_reviews_count,clean_rating_out_of 5
100 Pcs Crochet Hook Tool Set Knitting Hook Set With Box,KSh990.00 ,"KSh1,500.00 ",9%,39,4.7
115 Piece Set Of Multifunctional Precision Screwdrivers,KSh950.00 ,"KSh1,525.00 ",8%,2,4.5
12 Litre Black Insulated Lunch Box,"KSh1,350.00 ","KSh1,990.00 ",64%,13,3.8
12 Litre Insulated Lunch Box Grey,KSh980.00 ,"KSh1,490.00 ",61%,12,4.7
120W Cordless Vacuum Cleaners Handheld Electric Vacuum Cleaner,KSh445.00 ,KSh873.00 ,55%,69,2.8
12V 19500Rpm Handheld Electric Angle Grinder Tool - Uk - Yellow/Black,"KSh2,799.00 ","KSh3,810.00 ",55%,,
13 In 1 Home Repair Tools Box Kit Set,"KSh1,600.00 ","KSh2,929.00 ",55%,5,3.8
137 Pieces Cake Decorating Tool Set Baking Supplies,"KSh2,319.00 ","KSh3,032.00 ",54%,55,4.6
1Pc Refrigerator Food Seal Pocket Fridge Bags,KSh198.00 ,KSh260.00 ,54%,,
2 Pairs Cowhide Split Leather Work Gloves.32Â„‰ Or Above Welding Gloves,"KSh1,666.00 ","KSh1,699.00 ",53%,,
"220V 60W Electric Soldering Iron Kits With Tools, Tips, And Multimeter","KSh2,999.00 ","KSh3,290.00 ",53%,15,4.0
24 Grid Wall-Mounted Sundries Organiser Fabric Closet Bag Storage Rack,"KSh1,875.00 ","KSh1,899.00 ",52%,,
2Pcs Ice Silk Square Cushion Cover Pillowcases - 65X65Cm,"KSh1,200.00 ","KSh2,400.00 ",52%,,
2Pcs Solar Street Light Flood Light Outdoor,"KSh1,200.00 ","KSh1,950.00 ",51%,,
2Pcs/Lot Solar Led Outdoor Intelligent Light Controlled Wall Lamp,KSh790.00 ,"KSh1,485.00 ",50%,,
32Pcs Portable Cordless Drill Set With Cyclic Battery Drive -26 Variable Speed,"KSh3,750.00 ","KSh6,143.00 ",50%,5,3.0
380Ml Usb Rechargeable Portable Small Blenders And Juicers,"KSh1,000.00 ","KSh2,000.00 ",50%,7,2.3
3D Waterproof Eva Plastic Shower Curtain 1.8*2Mtrs,KSh998.00 ,"KSh1,966.00 ",50%,44,4.6
3Pcs Rotary Scraper Thermomix For Kitchen,KSh690.00 ,"KSh1,200.00 ",50%,,
3Pcs Single Head Knitting Crochet Sweater Needle Set,KSh38.00 ,KSh80.00 ,50%,13,3.3
4 Piece Coloured Stainless Steel Kitchenware Set,KSh248.00 ,KSh486.00 ,50%,,
40Cm Gold Diy Acrylic Wall Sticker Clock,KSh552.00 ,"KSh1,035.00 ",49%,12,4.8
4M Float Switch Water Level Controller -Water Tank,KSh475.00 ,KSh931.00 ,49%,,
"4Pcs Bathroom/Kitchen Towel Rack,Roll Paper Holder,Towel Bars,Hook","KSh1,860.00 ","KSh3,220.00 ",49%,,
5 Pieces/Set Of Stainless Steel Induction Cooker Pots,"KSh2,170.00 ","KSh2,500.00 ",49%,6,2.5
5-Pcs Stainless Steel Cooking Pot Set With Steamed Slices,"KSh2,115.00 ","KSh4,700.00 ",49%,13,2.1
52 Pieces Cake Decorating Tool Set Gift Kit Baking Supplies,"KSh1,758.00 ","KSh2,499.00 ",49%,20,4.1
53 Pieces/Set Yarn Knitting Crochet Hooks With Bag - Pansies,"KSh1,980.00 ","KSh2,699.00 ",49%,32,4.5
53Pcs/Set Yarn Knitting Crochet Hooks With Bag - Fortune Cat,"KSh1,940.00 ","KSh2,650.00 ",49%,20,4.7
5M Waterproof Spherical Led String Lights Outdoor Ball Chain Lights Party Lighting Decoration Adjustable,"KSh1,460.00 ","KSh2,290.00 ",49%,,
6 In 1 Bottle Can Opener Multifunctional Easy Opener,KSh199.00 ,KSh553.00 ,49%,,
6 Layers Steel Pipe Assembling Dustproof Storage Shoe Cabinet,KSh899.00 ,"KSh1,699.00 ",49%,,
6 Layers Steel Pipe Assembling Dustproof Storage Shoe Cabinet,KSh899.00 ,"KSh1,699.00 ",49%,,
60W Hot Melt Glue Sprayer - Efficient And Stable Glue Dispensing,"KSh1,190.00 ","KSh1,785.00 ",49%,,
"7-Piece Set Of Storage Bags, Travel Storage Bags, Shoe Bags",KSh968.00 ,"KSh1,814.00 ",49%,6,2.2
7Pcs Silicone Thumb Knife Finger Protector Vegetable Harvesting Knife,KSh230.00 ,KSh450.00 ,48%,,
8In1 Screwdriver With Led Light,"KSh1,080.00 ","KSh1,874.00 ",48%,,
"9Pcs Gas Mask, For Painting, Dust, Formaldehyde Grinding, Polishing","KSh1,420.00 ","KSh2,420.00 ",48%,,
Agapeon Toothbrush Holder And Toothpaste Dispenser,KSh382.00 ,KSh700.00 ,48%,17,2.6
Angle Measuring Tool Full Metal Multi Angle Measuring Tool,KSh799.00 ,"KSh1,567.00 ",47%,,
Angle Measuring Tool Full Metal Multi Angle Measuring Tool,KSh657.00 ,"KSh1,288.00 ",47%,,
Anti-Skid Absorbent Insulation Coaster For Home Office,KSh332.00 ,KSh684.00 ,47%,2,5.0
Artificial Potted Flowers Room Decorative Flowers (2 Pieces),KSh990.00 ,"KSh1,814.00 ",47%,6,2.2
Baby Early Education Shape And Color Cognitive Training Toys,KSh525.00 ,"KSh1,029.00 ",47%,,
"Balloon Insert, Birthday Party Balloon Set, Pu Leather",KSh610.00 ,"KSh1,060.00 ",47%,,
"Balloon Insert, Birthday Party Balloon Set, Pu Leather",KSh610.00 ,"KSh1,060.00 ",47%,,
"Balloon Insert, Birthday Party Balloon Set, Pu Leather",KSh610.00 ,"KSh1,060.00 ",47%,,
Bedroom Simple Floor Hanging Clothes Rack Single Pole Hat Rack - White,KSh979.00 ,"KSh1,920.00 ",46%,1,5.0
Black Simple Water Cup Wine Coaster Anti Slip Absorbent,KSh169.00 ,KSh320.00 ,46%,,
Brush & Paintbrush Cleaning Tool Pink,KSh299.00 ,KSh600.00 ,46%,,
Car Phone Charging Stand,KSh671.00 ,"KSh1,316.00 ",45%,,
Cartoon Car Decoration Cute Individuality For Car Home Desk,KSh274.00 ,KSh537.00 ,45%,,
Cartoon Embroidered Mini Towel Bear Cotton Wash Cloth Hand 4Pcs,"KSh1,190.00 ","KSh1,810.00 ",45%,,
Christmas Elk Fence Yard Lawn Decorations Cute For Holidays,KSh999.00 ,"KSh2,000.00 ",45%,,
Christmas Fence Garden Decorations Outdoor For Holiday Home,KSh699.00 ,"KSh1,343.00 ",43%,,
Classic Black Cat Cotton Hemp Pillow Case For Home Car,KSh171.00 ,KSh360.00 ,43%,2,5.0
Creative Owl Shape Keychain Black,KSh199.00 ,KSh504.00 ,43%,,
Creative Owl Shape Keychain Black,KSh176.00 ,KSh345.00 ,43%,,
Cushion Silicone Butt Cushion Summer Ice Cushion Honeycomb Gel Cushion,"KSh1,732.00 ","KSh1,799.00 ",42%,,
Cute Christmas Fence Garden Decorations For Holiday Home,KSh799.00 ,"KSh1,343.00 ",42%,,
Desk Foldable Fan Adjustable Fan Strong Wind 3 Gear Usb,KSh988.00 ,"KSh1,580.00 ",42%,2,4.0
"Diy File Folder, Office Drawer File Holder, Pen Holder, Desktop Storage Rack","KSh1,620.00 ","KSh2,690.00 ",42%,1,5.0
"Electric Led Uv Mosquito Killer Lamp, Outdoor/Indoor Fly Killer Trap Light -Usb","KSh1,570.00 ","KSh2,988.00 ",42%,7,2.1
Electronic Digital Display Vernier Caliper,KSh420.00 ,KSh647.00 ,42%,49,4.6
Exfoliate And Exfoliate Face Towel - Black,KSh185.00 ,KSh382.00 ,41%,9,4.3
Foldable Overbed Table/Desk,"KSh1,650.00 ","KSh2,150.00 ",41%,14,4.4
Genebre 115 In 1 Screwdriver Repairing Tool Set For Iphone Cellphone Hand Tool,KSh799.00 ,KSh999.00 ,41%,12,4.1
Household Pineapple Peeler Peeler,KSh330.00 ,KSh647.00 ,40%,1,4.0
Intelligent Led Body Sensor Wireless Lighting Night Light Usb,KSh325.00 ,KSh680.00 ,4%,15,2.7
"Konka Healty Electric Kettle, 24-Hour Heat Preservation,1.5L,800W, White","KSh3,640.00 ","KSh4,588.00 ",4%,1,5.0
Large Lazy Inflatable Sofa Chairs Pvc Lounger Seat Bag,"KSh2,300.00 ","KSh3,240.00 ",39%,5,3.0
Lasa 3 Tier Bamboo Shoe Bench Storage Shelf,"KSh2,048.00 ","KSh4,500.00 ",38%,7,4.3
Lasa Aluminum Folding Truck Hand Cart - 68Kg Max,"KSh2,025.00 ","KSh3,971.00 ",38%,3,5.0
Lasa Digital Thermometer And Hydrometer,KSh501.00 ,KSh860.00 ,38%,6,4.5
Lasa Folding Table Serving Stand,"KSh1,274.00 ","KSh2,800.00 ",37%,5,4.8
Lasa Stainless Steel Double Wall Mount Soap Dispenser - 500Ml,"KSh2,750.00 ","KSh4,471.00 ",37%,,
"Led Eye Protection Desk Lamp , Study, Reading, Usb Fan - Double Pen Holder","KSh1,820.00 ","KSh3,490.00 ",36%,9,4.3
"Led Romantic Spaceship Starry Sky Projector,Children'S Bedroom Night Light-Blue",KSh880.00 ,"KSh1,350.00 ",35%,6,4.0
Led Solar Street Light-Fake Camera,"KSh1,150.00 ","KSh1,737.00 ",35%,,
Led Wall Digital Alarm Clock Study Home 12 / 24H Clock Calendar,"KSh2,999.00 ","KSh3,699.00 ",34%,5,4.6
"Memory Foam Neck Pillow Cover, With Pillow Core - 50*30Cm","KSh1,189.00 ","KSh2,199.00 ",34%,1,3.0
Metal Decorative Hooks Key Hangers Entryway Wall Hooks Towel Hooks - Home,KSh527.00 ,KSh999.00 ,34%,14,4.1
Metal Wall Clock Silver Dial Crystal Jewelry Round Home Decoration Wall Clock,"KSh3,546.00 ","KSh3,699.00 ",34%,,
Modern Sofa Throw Pillow Cover-45X45Cm-Blue&Red,KSh238.00 ,KSh476.00 ,33%,,
Multi-Purpose Rice Drainage Basket And Fruit And Vegetable Drainage Sieve,"KSh1,459.00 ","KSh1,499.00 ",33%,,
Multifunction Laser Level With Adjustment Tripod,"KSh1,680.00 ","KSh2,499.00 ",32%,9,4.2
Multifunctional Hanging Storage Box Storage Bag (4 Layers),KSh630.00 ,"KSh1,100.00 ",30%,,
Multifunctional Storage Rack Multi-Layer Bookshelf,"KSh2,200.00 ","KSh4,080.00 ",3%,,
Mythco 120Cob Solar Wall Ligt With Motion Sensor And Remote Control 3 Modes,KSh458.00 ,KSh986.00 ,29%,10,3.0
Office Chair Lumbar Back Support Spine Posture Correction Pillow Car Cushion,"KSh1,466.00 ","KSh1,699.00 ",27%,,
Outdoor Portable Water Bottle With Medicine Box - 600Ml - Black,KSh799.00 ,KSh900.00 ,27%,,
Peacock Throw Pillow Cushion Case For Home Car,KSh195.00 ,KSh360.00 ,27%,2,5.0
Pen Grips For Kids Pen Grip Posture Correction Tool For Kids,"KSh1,660.00 ","KSh1,699.00 ",26%,,
Pilates Cloth Bag Waterproof Durable High Capacity Purple,KSh299.00 ,KSh384.00 ,25%,,
Portable Home Small Air Humidifier 3-Speed Fan - Green,"KSh1,740.00 ","KSh2,356.00 ",24%,5,4.8
Portable Mini Cordless Car Vacuum Cleaner - Blue,"KSh2,199.00 ","KSh2,923.00 ",24%,24,4.6
Portable Soap Dispenser Kitchen Detergent Press Box Kitchen Tools,"KSh1,462.00 ","KSh1,499.00 ",23%,,
Portable Wardrobe Nonwoven With 3 Hanging Rods And 6 Storage Shelves,"KSh2,880.00 ","KSh3,520.00 ",22%,12,3.8
Portable Wine Table With Folding Round Table,"KSh1,300.00 ","KSh2,500.00 ",22%,,
Punch-Free Great Load Bearing Bathroom Storage Rack Wall Shelf-White,KSh389.00 ,KSh656.00 ,21%,36,4.3
Sewing Machine Needle Threader Stitch Insertion Tool Automatic Quick Sewing,KSh105.00 ,KSh200.00 ,20%,,
Shower Cap Wide Elastic Band Cover Reusable Bashroom Cap,"KSh2,132.00 ","KSh2,169.00 ",2%,,
Shower Nozzle Cleaning Unclogging Needle Mini Crevice Small Hole Cleaning Brush,"KSh1,658.00 ","KSh1,699.00 ",2%,,
Simple Metal Dog Art Sculpture Decoration For Home Office,KSh499.00 ,KSh900.00 ,2%,,
Simple Metal Dog Art Sculpture Decoration For Home Office,KSh399.00 ,KSh896.00 ,2%,,
Thickening Multipurpose Non Stick Easy To Clean Heat Resistant Spoon Pad,"KSh1,768.00 ","KSh1,799.00 ",2%,,
Vic Wireless Vacuum Cleaner Dual Use For Home And Car 120W High Power Powerful,"KSh1,220.00 ","KSh1,555.00 ",2%,16,2.9
Wall Clock With Hidden Safe Box,KSh850.00 ,"KSh1,700.00 ",19%,,
Wall Mount Automatic Toothpaste Dispenser Toothbrush Holder Toothpaste Squeezer,"KSh1,526.00 ","KSh1,660.00 ",18%,,
Wall-Mounted Sticker Punch-Free Plug Fixer,KSh450.00 ,KSh900.00 ,14%,1,2.0
Wall-Mounted Toothbrush Toothpaste Holder With Multiple Slots,"KSh1,468.00 ","KSh1,699.00 ",14%,,
Watercolour Gold Foil Textured Print Pillow Cover,KSh345.00 ,KSh602.00 ,13%,6,2.3
Weighing Scale Digital Bathroom Body Fat Scale Usb-Black,"KSh1,580.00 ","KSh2,499.00 ",11%,7,4.7
Wrought Iron Bathroom Shelf Wall Mounted Free Punch Toilet Rack,KSh509.00 ,KSh899.00 ,1%,5,3.0
